Date,Open,High,Low,Close,Volume
22-Aug-14,61.11,62.17,60.81,62.10,718053
21-Aug-14,59.61,62.00,59.37,61.20,867284
20-Aug-14,58.56,60.40,58.34,59.52,948916
19-Aug-14,58.18,59.19,58.18,58.86,403976
18-Aug-14,59.60,59.68,58.13,58.38,556961
15-Aug-14,57.34,59.77,57.33,59.14,985812
14-Aug-14,57.14,57.77,56.35,56.76,459456
13-Aug-14,55.50,58.34,55.49,57.34,1060282
12-Aug-14,56.00,56.83,54.70,55.51,777311
11-Aug-14,56.87,57.45,55.73,56.43,1155194
8-Aug-14,59.00,59.20,57.71,58.13,658005
7-Aug-14,58.29,59.62,58.01,58.53,812343
6-Aug-14,57.18,60.30,56.53,57.95,1175854
5-Aug-14,60.63,60.70,56.60,58.58,3000334
4-Aug-14,60.71,61.97,60.02,60.98,1883101
1-Aug-14,60.45,61.70,58.65,60.53,1729678
31-Jul-14,61.59,61.84,59.74,60.53,1937080
30-Jul-14,62.81,63.06,61.05,62.60,2626965
29-Jul-14,64.26,65.38,61.64,62.20,5558172
28-Jul-14,63.14,67.50,60.57,65.04,15682872
25-Jul-14,52.73,57.47,51.65,56.35,6456475
24-Jul-14,40.87,57.00,40.16,53.74,11515528
23-Jul-14,40.78,41.68,40.48,40.58,556437
22-Jul-14,40.05,41.29,39.79,40.91,919747
21-Jul-14,39.58,40.53,39.42,39.65,571665
18-Jul-14,38.58,40.18,38.58,39.94,1002369
17-Jul-14,39.85,40.87,38.38,38.63,959627
16-Jul-14,40.32,41.10,40.16,40.48,670418
15-Jul-14,41.27,41.74,39.96,40.03,1092919
14-Jul-14,41.54,42.36,40.98,41.23,947753
11-Jul-14,40.79,41.65,40.15,41.11,1269563
10-Jul-14,40.10,41.30,39.92,40.21,1782509
9-Jul-14,42.44,42.51,41.07,41.16,1225842
8-Jul-14,44.79,44.79,41.15,41.67,1646800
7-Jul-14,46.41,46.63,44.79,44.93,624735
3-Jul-14,45.80,46.97,45.46,46.79,787917
2-Jul-14,46.15,47.23,45.50,46.16,872743
1-Jul-14,47.33,47.94,46.33,46.39,1270435
30-Jun-14,47.42,48.68,47.22,47.38,1244224
27-Jun-14,45.09,47.68,44.90,47.48,2289833
26-Jun-14,45.49,46.20,44.94,45.28,518247
25-Jun-14,43.64,45.96,43.62,45.69,973573
24-Jun-14,43.86,45.98,43.34,43.90,2123501
23-Jun-14,44.00,44.75,43.11,44.34,1450483
20-Jun-14,43.87,44.50,41.86,44.00,1733955
19-Jun-14,43.95,44.90,43.26,43.95,1467357
18-Jun-14,45.04,45.30,43.26,45.10,1768323
17-Jun-14,43.62,46.98,43.48,45.04,3228137
16-Jun-14,42.30,44.25,41.57,43.97,1458735
13-Jun-14,41.69,44.00,41.11,42.40,1730788
12-Jun-14,40.90,43.10,40.63,41.21,1720061
11-Jun-14,39.53,41.42,39.30,41.16,1566863
10-Jun-14,38.69,40.65,38.69,39.93,1450053
9-Jun-14,39.48,39.88,38.26,38.63,1206005
6-Jun-14,38.77,40.00,38.69,39.62,815356
5-Jun-14,37.98,39.58,37.46,38.65,1325576
4-Jun-14,37.68,38.41,37.00,37.90,694881
3-Jun-14,38.75,39.19,37.53,38.04,977358
2-Jun-14,38.49,39.28,37.40,39.20,1213577
30-May-14,39.99,40.04,37.68,38.65,1724752
29-May-14,40.14,41.40,39.36,40.01,1835949
28-May-14,39.64,40.62,38.88,40.14,2297981
27-May-14,38.65,40.65,38.40,39.61,2093349
23-May-14,36.97,39.25,36.52,38.67,1745181
22-May-14,36.32,39.09,36.11,37.34,2620267
21-May-14,33.72,36.05,33.30,35.97,2279022
20-May-14,35.00,35.54,33.03,33.76,1781207
19-May-14,32.54,35.87,32.50,35.13,2544224
16-May-14,32.44,34.41,32.29,33.19,2280658
15-May-14,30.48,32.50,29.46,32.29,1679929
14-May-14,30.75,31.82,30.50,30.83,873344
13-May-14,30.72,31.94,30.52,31.25,810244
12-May-14,30.46,31.61,30.18,31.10,1282666
9-May-14,29.56,30.53,29.38,29.95,1222031
8-May-14,30.50,31.52,29.40,29.59,2080001
7-May-14,32.29,32.29,29.61,30.54,2199078
6-May-14,34.58,34.91,31.94,32.06,1147494
5-May-14,33.53,35.05,33.30,35.01,1314385
2-May-14,35.41,36.12,34.27,34.34,1347060
1-May-14,33.91,36.50,33.43,35.38,2271948
30-Apr-14,32.53,34.95,32.01,34.00,3106559
29-Apr-14,30.81,33.27,30.08,32.91,3257766
28-Apr-14,32.10,32.10,29.29,30.46,2857957
25-Apr-14,34.01,34.01,31.04,31.66,1207991
24-Apr-14,35.02,35.05,33.28,34.49,896474
23-Apr-14,35.92,36.04,34.19,34.61,922434
22-Apr-14,34.36,37.34,34.18,35.91,2107694
21-Apr-14,31.91,35.75,31.61,34.22,1977083
17-Apr-14,31.40,32.25,30.55,31.90,1291248
16-Apr-14,31.43,31.91,30.13,31.42,1215513
15-Apr-14,30.63,32.05,29.23,31.06,1975511
14-Apr-14,32.36,32.49,30.05,30.68,1561589
11-Apr-14,32.75,34.14,30.00,31.86,3324748
10-Apr-14,34.44,35.31,33.19,33.86,2537851
9-Apr-14,32.53,34.78,31.56,34.64,2352371
8-Apr-14,32.88,34.25,31.88,32.40,1488445
7-Apr-14,32.05,34.83,31.59,32.76,2499596
4-Apr-14,35.62,35.62,33.22,33.81,2417503
3-Apr-14,35.32,36.80,33.87,35.16,1800532
2-Apr-14,35.86,36.00,34.50,35.32,1018258
1-Apr-14,33.40,35.73,33.33,35.64,1926098
31-Mar-14,33.84,33.89,32.74,33.20,684330
28-Mar-14,32.76,34.59,32.58,33.57,1235209
27-Mar-14,32.59,33.80,31.77,32.80,1078711
26-Mar-14,35.66,35.77,32.62,33.03,1004284
25-Mar-14,34.79,35.95,33.90,35.43,1479102
24-Mar-14,35.36,36.13,32.75,34.45,1795342
21-Mar-14,34.94,35.01,33.93,34.67,1222541
20-Mar-14,33.95,35.37,33.47,34.49,1431876
19-Mar-14,33.08,34.87,33.08,34.13,1566333
18-Mar-14,32.24,33.94,31.95,33.46,1247078
17-Mar-14,31.00,32.20,30.78,32.18,1229405
14-Mar-14,29.77,31.70,29.75,30.99,1233860
13-Mar-14,30.86,30.90,29.72,30.11,1489802
12-Mar-14,29.50,31.16,28.75,30.75,2143993
11-Mar-14,31.59,31.59,29.51,29.58,2006089
10-Mar-14,32.45,32.45,31.06,31.30,1258857
7-Mar-14,31.89,33.89,31.43,32.53,3384401
6-Mar-14,31.85,32.38,30.05,31.05,2051878
5-Mar-14,31.02,31.76,30.52,31.67,1644374
4-Mar-14,29.52,31.14,29.33,31.01,2116464
3-Mar-14,29.44,29.54,28.15,28.89,2741595
28-Feb-14,30.55,30.91,29.51,29.96,994772
27-Feb-14,29.71,30.55,29.71,30.42,1100165
26-Feb-14,30.47,30.85,29.54,29.77,1865403
25-Feb-14,30.67,30.89,30.07,30.33,1091713
24-Feb-14,30.56,31.35,30.34,30.72,1445865
21-Feb-14,30.90,31.36,30.66,30.73,1870241
20-Feb-14,30.62,31.36,30.34,30.96,2075690
19-Feb-14,30.69,31.15,30.13,30.73,1970542
18-Feb-14,30.04,30.98,30.00,30.96,3391094
14-Feb-14,31.20,32.00,29.15,29.97,13172734
13-Feb-14,35.21,36.60,34.18,36.43,4314064
12-Feb-14,34.04,36.77,33.71,35.90,2356705
11-Feb-14,33.13,34.33,32.97,33.80,1416378
10-Feb-14,34.64,34.64,32.63,33.15,1915164
7-Feb-14,33.16,34.61,32.90,34.48,967305
6-Feb-14,32.76,33.82,32.48,33.44,917798
5-Feb-14,32.80,33.23,31.26,32.26,698050
4-Feb-14,32.89,33.72,32.44,33.03,989817
3-Feb-14,34.53,35.34,31.70,32.67,1896126
31-Jan-14,33.41,35.94,33.41,34.53,1215933
30-Jan-14,34.58,35.69,34.29,34.64,863659
29-Jan-14,34.48,34.90,33.40,33.92,1066114
28-Jan-14,34.05,35.65,34.05,35.44,1260939
27-Jan-14,35.25,35.89,33.28,33.99,1486750
24-Jan-14,36.69,37.26,34.36,35.46,2062799
23-Jan-14,37.85,38.10,36.75,37.89,832745
22-Jan-14,38.21,39.83,37.58,38.49,1674990
21-Jan-14,38.25,38.74,36.21,38.00,1532144
17-Jan-14,38.79,38.79,37.51,38.13,1489007
16-Jan-14,38.42,39.34,38.00,38.96,2283203
15-Jan-14,36.77,38.41,35.98,38.36,1201110
14-Jan-14,35.72,37.55,35.27,36.74,1053363
13-Jan-14,38.09,38.87,34.13,35.94,1831557
10-Jan-14,37.38,38.25,36.86,38.18,924192
9-Jan-14,39.04,39.40,36.80,37.66,1409590
8-Jan-14,38.00,39.15,37.50,38.91,1348890
7-Jan-14,37.20,37.56,36.23,37.35,1533015
6-Jan-14,36.00,37.06,34.30,36.83,2263855
3-Jan-14,35.30,35.80,33.93,34.69,706927
2-Jan-14,35.26,36.08,34.28,35.21,941540
31-Dec-13,33.75,35.79,33.61,35.27,1115026
30-Dec-13,33.59,34.43,32.81,33.56,510253
27-Dec-13,34.59,34.59,33.27,33.74,699604
26-Dec-13,34.84,34.88,34.38,34.69,599886
24-Dec-13,34.81,35.14,34.19,34.63,502409
23-Dec-13,33.58,34.88,32.67,34.76,1569642
20-Dec-13,33.46,34.92,32.83,33.11,2423025
19-Dec-13,31.45,33.51,30.90,33.38,2084980
18-Dec-13,30.91,31.45,30.22,30.76,1384916
17-Dec-13,31.22,32.05,30.75,30.88,1447772
16-Dec-13,31.73,32.45,30.45,31.18,1536310
13-Dec-13,29.53,31.89,28.75,31.73,3930614
12-Dec-13,27.23,29.91,26.35,29.24,7825073
11-Dec-13,30.00,30.23,27.31,27.64,2668327
10-Dec-13,30.83,31.35,30.08,30.55,786650
9-Dec-13,31.12,31.30,30.13,30.72,675191
6-Dec-13,31.86,31.95,30.58,30.92,441384
5-Dec-13,31.50,31.83,30.86,31.13,573807
4-Dec-13,30.84,32.49,30.73,31.55,1279196
3-Dec-13,31.80,32.65,30.86,31.07,1532538
2-Dec-13,32.85,33.20,31.30,31.75,1722956
29-Nov-13,34.97,34.98,34.31,34.34,331863
27-Nov-13,34.52,35.14,34.01,34.50,572340
26-Nov-13,33.43,35.04,32.82,34.53,1196294
25-Nov-13,34.62,35.10,33.00,33.45,1252276
22-Nov-13,37.44,38.00,34.53,34.62,1539728
21-Nov-13,36.01,37.61,34.88,37.50,1406038
20-Nov-13,37.69,39.24,35.32,35.70,1014844
19-Nov-13,38.89,39.74,36.36,37.66,818051
18-Nov-13,40.11,40.95,38.51,38.95,1724097
15-Nov-13,38.92,40.65,38.90,40.09,1161694
14-Nov-13,38.86,39.81,37.67,39.50,1418874
13-Nov-13,35.71,39.99,35.71,39.62,2816673
12-Nov-13,35.93,36.87,35.33,36.08,857232
11-Nov-13,35.10,36.95,35.00,35.89,1029206
8-Nov-13,33.90,36.04,33.43,35.96,1396068
7-Nov-13,36.22,36.50,33.65,33.93,1888101
6-Nov-13,39.02,39.22,35.58,35.86,2717462
5-Nov-13,38.61,38.95,37.44,38.23,780289
4-Nov-13,39.04,39.21,38.24,38.96,810755
1-Nov-13,39.95,40.69,38.40,38.73,1347182
31-Oct-13,42.35,42.47,38.85,39.97,1785103
30-Oct-13,47.01,47.01,40.85,42.35,2651793
29-Oct-13,43.00,43.65,41.40,42.50,1454148
28-Oct-13,44.00,44.97,42.22,42.63,859224
25-Oct-13,45.28,45.77,43.58,43.86,995249
24-Oct-13,44.23,46.38,43.99,46.08,613968
23-Oct-13,44.12,44.54,43.38,44.13,593211
22-Oct-13,45.49,45.89,42.84,44.43,671018
21-Oct-13,45.72,46.38,44.18,45.04,728652
18-Oct-13,44.00,46.27,43.78,45.69,1296282
17-Oct-13,44.00,45.02,43.07,43.57,980294
16-Oct-13,42.52,44.24,42.52,44.02,724943
15-Oct-13,42.45,43.25,41.35,42.38,876181
14-Oct-13,43.06,43.50,42.03,43.04,556586
11-Oct-13,43.03,44.64,42.97,43.52,732576
10-Oct-13,43.58,44.34,41.83,42.83,1116657
9-Oct-13,41.69,43.20,40.52,43.13,1348272
8-Oct-13,45.65,46.72,41.27,41.61,2234347
7-Oct-13,46.14,47.96,45.24,45.43,954026
4-Oct-13,47.57,48.64,47.06,47.48,998576
3-Oct-13,50.61,50.88,46.93,47.70,1061720
2-Oct-13,48.26,51.54,48.26,50.59,1236805
1-Oct-13,47.01,48.31,46.29,48.24,778326
30-Sep-13,47.22,48.50,46.85,47.03,715016
27-Sep-13,48.00,48.44,47.34,48.21,428706
26-Sep-13,48.00,48.96,47.80,48.04,394105
25-Sep-13,48.41,49.33,48.01,48.11,655324
24-Sep-13,46.98,48.87,46.33,48.20,882950
23-Sep-13,49.43,50.36,46.12,46.75,1047921
20-Sep-13,52.00,52.27,48.52,49.19,2021296
19-Sep-13,51.00,52.71,50.76,51.68,1347699
18-Sep-13,48.01,50.98,48.01,50.58,1339007
17-Sep-13,48.29,48.68,47.00,47.95,725740
16-Sep-13,49.94,50.65,47.68,48.15,913602
13-Sep-13,48.21,50.14,47.26,48.93,1253024
12-Sep-13,47.74,49.27,44.80,48.05,1400671
11-Sep-13,45.50,47.99,45.50,47.68,1143527
10-Sep-13,46.80,47.40,45.18,45.60,614894
9-Sep-13,43.20,46.90,43.19,46.34,1079377
6-Sep-13,44.31,44.38,42.59,43.18,591081
5-Sep-13,43.65,44.25,43.01,43.54,660057
4-Sep-13,42.10,44.48,41.68,43.90,1381800
3-Sep-13,42.00,42.46,41.24,41.88,595232
30-Aug-13,41.55,42.16,40.78,41.52,532202
29-Aug-13,40.41,42.72,39.98,41.67,634193
28-Aug-13,40.89,41.00,39.80,40.45,464175
27-Aug-13,42.28,42.75,40.72,41.04,518274
26-Aug-13,43.21,44.25,42.69,42.82,630641
23-Aug-13,43.13,44.28,42.87,43.21,789402
22-Aug-13,42.63,43.82,42.12,42.95,816840
21-Aug-13,43.05,43.81,42.40,42.42,965740
20-Aug-13,42.32,44.01,42.27,42.90,584467
19-Aug-13,44.70,45.24,41.96,43.66,1431192
16-Aug-13,43.81,47.95,43.73,46.10,1026271
15-Aug-13,45.30,45.55,42.80,43.71,742551
14-Aug-13,45.35,46.90,45.19,46.28,448857
13-Aug-13,46.14,46.70,45.01,45.54,600312
12-Aug-13,43.61,46.20,43.56,46.01,611287
9-Aug-13,42.99,45.49,41.83,43.99,730061
8-Aug-13,42.06,44.44,41.98,42.73,996854
7-Aug-13,43.03,43.03,40.56,41.68,1265346
6-Aug-13,45.67,45.97,43.06,43.83,993264
5-Aug-13,44.03,48.40,44.03,45.67,1283833
2-Aug-13,44.17,45.73,42.59,44.24,1632018
1-Aug-13,42.42,47.97,42.24,44.53,3720502
31-Jul-13,37.86,37.86,35.89,37.26,1248086
30-Jul-13,38.00,38.00,37.46,37.67,883123
29-Jul-13,36.99,37.63,36.81,37.55,528820
26-Jul-13,37.12,37.63,36.75,36.98,324243
25-Jul-13,37.08,37.55,36.86,37.50,269355
24-Jul-13,36.95,37.43,36.65,37.14,271424
23-Jul-13,37.62,37.79,36.72,36.84,469238
22-Jul-13,36.94,37.94,36.52,37.49,759594
19-Jul-13,36.95,37.06,36.27,36.96,187864
18-Jul-13,37.32,37.36,36.52,37.01,612774
17-Jul-13,36.36,37.21,35.97,37.09,870645
16-Jul-13,36.33,36.68,35.63,36.06,827674
15-Jul-13,34.92,36.56,34.92,36.19,870167
12-Jul-13,34.25,35.02,33.97,34.92,555956
11-Jul-13,33.75,34.48,33.72,34.22,814111
10-Jul-13,33.22,33.51,32.97,33.42,382372
9-Jul-13,33.15,33.54,32.64,33.32,358611
8-Jul-13,32.44,33.13,32.31,33.06,516634
5-Jul-13,32.12,32.48,31.89,32.33,178226
3-Jul-13,31.05,31.82,31.05,31.71,162086
2-Jul-13,32.05,32.34,31.37,31.62,369816
1-Jul-13,31.38,32.17,30.81,31.99,426008
28-Jun-13,30.22,31.24,29.92,31.09,1839680
27-Jun-13,30.95,31.02,30.00,30.24,467586
26-Jun-13,30.78,31.28,30.01,30.70,337161
25-Jun-13,29.80,30.75,29.14,30.72,492743
24-Jun-13,29.46,29.86,28.29,29.81,594670
21-Jun-13,30.30,30.45,29.40,30.01,706655
20-Jun-13,30.20,30.27,29.27,30.12,352669
19-Jun-13,30.58,31.08,30.35,30.77,418875
18-Jun-13,30.65,31.49,30.16,30.53,393917
17-Jun-13,29.53,30.68,29.52,30.57,372569
14-Jun-13,29.75,30.00,29.08,29.38,299012
13-Jun-13,28.14,30.18,27.52,29.80,713210
12-Jun-13,30.35,30.57,29.20,29.35,337971
11-Jun-13,30.70,30.98,30.02,30.30,210641
10-Jun-13,31.08,31.52,30.72,31.12,369435
7-Jun-13,29.78,31.25,29.76,31.07,464021
6-Jun-13,29.45,30.14,28.57,29.80,651648
5-Jun-13,29.39,29.76,29.00,29.23,366485
4-Jun-13,29.82,30.57,29.45,29.60,448846
3-Jun-13,30.63,30.90,29.08,29.86,634928
31-May-13,30.21,31.35,30.21,30.74,529228
30-May-13,30.50,30.97,30.26,30.60,289533
29-May-13,31.00,31.44,30.22,30.31,402870
28-May-13,31.06,31.77,30.70,31.34,935645
24-May-13,29.25,29.75,29.25,29.47,437998
23-May-13,29.74,29.74,28.87,29.27,692255
22-May-13,31.24,31.70,29.20,29.76,730907
21-May-13,30.63,31.34,30.57,31.13,470844
20-May-13,31.16,31.77,30.29,30.53,726815
17-May-13,31.45,31.67,30.91,31.48,527998
16-May-13,31.58,32.16,31.58,31.66,582021
15-May-13,31.41,32.21,31.41,31.76,845513
14-May-13,30.85,31.76,30.40,31.41,840379
13-May-13,31.07,31.38,30.31,31.00,1068050
10-May-13,31.73,32.18,31.00,31.32,801402
9-May-13,31.46,32.20,31.46,31.87,546898
8-May-13,32.97,33.42,31.02,31.68,2094280
7-May-13,34.71,34.96,34.07,34.34,358049
6-May-13,34.96,35.06,34.50,34.88,439695
3-May-13,32.92,35.33,32.79,35.00,1598985
2-May-13,32.79,33.12,32.00,32.27,1774395
1-May-13,32.99,33.65,31.88,32.79,3510310
30-Apr-13,29.27,29.79,28.65,29.06,1331251
29-Apr-13,30.85,30.96,29.23,29.46,581493
26-Apr-13,31.36,31.36,30.08,30.10,333007
25-Apr-13,31.17,31.57,30.91,31.26,339538
24-Apr-13,31.63,31.90,30.93,31.22,496864
23-Apr-13,31.67,32.41,31.67,31.90,358943
22-Apr-13,32.50,32.69,31.43,31.50,435752
19-Apr-13,32.77,32.78,32.08,32.13,331695
18-Apr-13,33.25,33.34,32.23,32.40,504238
17-Apr-13,33.31,33.76,32.17,32.81,364078
16-Apr-13,32.60,33.39,32.51,33.11,496964
15-Apr-13,33.22,33.47,32.20,32.36,564509
12-Apr-13,32.54,33.49,32.53,33.37,525987
11-Apr-13,32.79,33.25,32.36,32.93,627965
10-Apr-13,31.65,33.25,31.65,32.87,1269519
9-Apr-13,30.73,32.21,30.58,31.80,1406567
8-Apr-13,29.79,30.30,29.62,30.22,280710
5-Apr-13,29.29,29.61,28.28,29.60,478369
4-Apr-13,30.06,30.15,29.31,29.58,361901
3-Apr-13,31.43,31.43,29.61,29.94,754750
2-Apr-13,30.83,31.94,30.15,31.21,931776
1-Apr-13,31.36,31.37,29.89,30.55,762263
28-Mar-13,32.09,32.17,31.02,31.38,654990
27-Mar-13,30.75,32.11,30.47,32.09,1022295
26-Mar-13,30.90,31.10,29.67,30.57,602219
25-Mar-13,31.49,31.49,30.65,30.97,373920
22-Mar-13,31.47,31.92,30.70,31.13,685397
21-Mar-13,31.78,32.40,31.25,31.55,748473
20-Mar-13,30.86,32.13,30.75,31.85,522645
19-Mar-13,31.01,31.88,30.58,30.98,1133781
18-Mar-13,29.86,31.99,29.80,31.58,773259
15-Mar-13,30.96,31.40,30.28,30.68,2949574
14-Mar-13,29.98,30.95,28.83,30.41,325135
13-Mar-13,30.80,31.26,29.18,29.70,364854
12-Mar-13,30.08,31.00,29.65,30.43,407605
11-Mar-13,31.00,31.00,29.80,30.40,331085
8-Mar-13,30.03,30.89,29.48,30.44,420100
7-Mar-13,29.74,30.75,28.43,29.06,400916
6-Mar-13,27.01,29.74,27.01,29.56,722017
5-Mar-13,27.48,27.94,26.50,26.93,517460
4-Mar-13,27.20,28.49,26.66,28.00,573113
1-Mar-13,23.83,27.40,23.83,27.18,849780
28-Feb-13,24.29,24.29,23.08,23.84,1189241
27-Feb-13,24.50,25.47,23.42,24.40,594845
26-Feb-13,26.00,26.05,24.33,24.54,672684
25-Feb-13,26.22,26.67,25.02,25.60,911023
22-Feb-13,27.89,28.07,24.89,25.56,1832245
21-Feb-13,29.16,30.27,28.05,28.20,320670
20-Feb-13,32.57,32.80,29.32,29.44,241411
19-Feb-13,33.99,34.16,31.15,31.45,313105
15-Feb-13,30.60,38.22,30.40,35.35,583178
14-Feb-13,28.92,31.74,27.58,30.50,368141
13-Feb-13,27.50,32.13,25.89,29.00,1066205
12-Feb-13,24.83,24.83,23.75,23.79,144458
11-Feb-13,25.20,25.20,24.10,24.50,119296
8-Feb-13,25.24,25.34,24.51,24.92,86187
7-Feb-13,25.50,25.97,24.63,24.91,83357
6-Feb-13,26.50,26.50,25.17,25.45,108960
5-Feb-13,25.85,26.21,25.39,25.60,175082
4-Feb-13,26.02,26.31,25.37,25.51,100051
1-Feb-13,26.54,26.85,25.85,25.92,67095
31-Jan-13,24.93,26.49,24.60,26.29,223050
30-Jan-13,24.56,25.49,24.46,24.90,141501
29-Jan-13,24.36,24.92,23.76,24.32,223255
28-Jan-13,25.50,25.50,23.65,24.27,164424
25-Jan-13,25.25,25.80,25.17,25.45,120402
24-Jan-13,25.10,25.40,24.79,25.05,288697
23-Jan-13,23.99,25.90,23.60,24.50,401207
22-Jan-13,22.50,23.46,22.32,23.40,119528
18-Jan-13,21.83,22.47,21.46,22.40,141268
17-Jan-13,21.31,21.83,21.04,21.65,164641
16-Jan-13,21.96,22.03,20.84,20.99,101419
15-Jan-13,20.97,21.49,20.60,21.34,123200
14-Jan-13,20.17,20.91,19.98,20.83,244391
11-Jan-13,19.88,20.20,19.59,19.93,140461
10-Jan-13,19.63,19.95,19.46,19.71,152367
9-Jan-13,19.34,19.57,19.03,19.32,161250
8-Jan-13,18.57,19.21,18.50,19.10,371347
7-Jan-13,17.65,18.55,17.47,18.52,244649
4-Jan-13,17.38,17.70,17.17,17.61,121147
3-Jan-13,17.09,17.45,17.09,17.37,110461
2-Jan-13,16.50,17.10,16.50,17.07,251021
31-Dec-12,16.11,16.37,15.84,16.24,189002
28-Dec-12,16.23,16.38,15.88,16.06,65042
27-Dec-12,16.21,16.38,16.06,16.23,81909
26-Dec-12,16.27,16.44,16.04,16.21,70695
24-Dec-12,16.18,16.63,16.00,16.12,163101
21-Dec-12,16.17,16.25,15.43,15.90,1027024
20-Dec-12,16.66,16.91,16.12,16.25,163072
19-Dec-12,16.19,17.32,16.19,16.69,254419
18-Dec-12,16.83,17.00,16.02,16.25,679679
17-Dec-12,17.07,17.41,16.35,16.65,503719
14-Dec-12,17.16,17.44,16.85,16.97,64135
13-Dec-12,17.71,17.71,16.98,17.30,151549
12-Dec-12,18.25,18.30,17.58,17.75,163277
11-Dec-12,17.74,18.30,17.33,18.00,202751
10-Dec-12,17.81,18.03,17.50,17.63,193339
7-Dec-12,18.05,18.05,17.53,17.86,110674
6-Dec-12,18.33,18.47,17.38,17.84,128296
5-Dec-12,18.15,18.15,17.36,17.71,92707
4-Dec-12,18.33,18.72,17.34,18.00,154736
3-Dec-12,17.83,18.37,17.80,18.27,239514
30-Nov-12,17.90,18.07,17.38,17.78,63779
29-Nov-12,17.25,17.87,17.24,17.83,223052
28-Nov-12,16.91,18.06,16.85,17.02,127026
27-Nov-12,17.15,17.23,16.53,17.00,96208
26-Nov-12,16.32,17.15,16.00,17.00,164659
23-Nov-12,16.24,16.56,15.79,16.30,49597
21-Nov-12,15.55,16.32,15.47,16.17,65924
20-Nov-12,15.14,15.65,14.91,15.56,293504
19-Nov-12,15.17,15.20,14.80,15.17,184971
16-Nov-12,15.55,15.55,14.69,15.02,328254
15-Nov-12,15.70,15.91,15.33,15.53,530762
14-Nov-12,15.56,15.92,15.01,15.51,188214
13-Nov-12,15.50,15.51,15.25,15.49,162666
12-Nov-12,15.65,16.09,15.25,15.55,625844
9-Nov-12,17.24,17.33,14.81,15.15,556383
8-Nov-12,21.46,21.48,17.06,17.38,842761
7-Nov-12,19.51,21.52,19.51,21.46,141331
6-Nov-12,21.46,21.99,21.05,21.51,528060
5-Nov-12,21.67,22.49,21.43,22.24,62473
2-Nov-12,23.05,23.24,21.55,21.69,74012
1-Nov-12,22.55,23.69,22.50,23.05,130069
31-Oct-12,22.00,22.73,22.00,22.55,27874
26-Oct-12,22.09,22.45,22.00,22.29,62647
25-Oct-12,22.27,22.32,21.94,22.24,92732
24-Oct-12,22.27,22.31,21.73,22.04,46767
23-Oct-12,21.81,22.22,21.58,22.03,231456
22-Oct-12,22.44,22.67,21.91,22.08,151943
19-Oct-12,22.77,23.10,22.44,22.44,114693
18-Oct-12,23.09,23.31,22.80,22.99,128179
17-Oct-12,22.70,23.22,22.55,22.93,98746
16-Oct-12,23.30,23.30,22.51,22.58,72285
15-Oct-12,23.40,23.58,22.33,23.01,161481
12-Oct-12,23.46,23.88,22.97,23.12,217470
11-Oct-12,22.48,23.45,22.46,23.20,169738
10-Oct-12,22.11,22.24,21.76,22.10,253857
9-Oct-12,22.50,22.50,21.85,22.00,260273
8-Oct-12,22.85,23.05,22.25,22.37,98163
5-Oct-12,22.00,22.82,22.00,22.70,272207
4-Oct-12,21.92,22.33,21.40,22.00,163552
3-Oct-12,21.23,22.55,20.82,21.91,117412
2-Oct-12,20.76,21.50,20.61,21.24,483226
1-Oct-12,21.51,22.09,20.68,20.96,139879
28-Sep-12,20.89,21.90,20.81,21.42,108557
27-Sep-12,21.09,21.69,20.50,21.22,305669
26-Sep-12,22.13,22.13,20.44,20.78,491747
25-Sep-12,22.30,22.90,20.68,22.25,945111
24-Sep-12,22.96,23.74,21.73,22.10,560139
21-Sep-12,24.90,26.57,23.03,23.03,1179220
20-Sep-12,22.10,25.20,21.95,24.00,11034337
